finding_key,validation_run_id,project_id,model_key,element_key,requirement_key,status,severity,is_applicable,is_issue,expected,actual,reason
598250b2-52c1-531f-9a9b-cbeb7cd09bcb,epc-delivery-v2.2-2697235be003292d,iso-reference-view,iso-reference-view.architecture,,0041a575-0031-56c2-a9a3-642dc399b84e,N/A,INFO,false,false,LoadBearing data shall be provided in the dataset Pset_BeamCommon,,No applicable elements exist in this model.
94a83165-3c4f-57f0-a911-5d69aa2cb9ee,epc-delivery-v2.2-2697235be003292d,iso-reference-view,iso-reference-view.architecture,,2ead0930-568e-5d49-9708-716c5c740846,N/A,INFO,false,false,"An element must have an IFCRELCONTAINEDINSPATIALSTRUCTURE relationship with an {'enumeration': ['IFCSPACE', 'IFCBUILDINGSTOREY']}",,No applicable elements exist in this model.
fe760125-02fe-5aca-8b62-9e7847dac46e,epc-delivery-v2.2-2697235be003292d,iso-reference-view,iso-reference-view.architecture,iso-reference-view.architecture::3ZYW59sxj8lei475l7EhLU,3d87ff1f-cc75-5e96-b83a-95709a015713,PASS,INFO,true,false,Shall have a material,,Requirement satisfied.
06879e06-5ef8-56e6-88d8-37ee6b1421c9,epc-delivery-v2.2-2697235be003292d,iso-reference-view,iso-reference-view.architecture,,491a4a0b-9b4a-5f77-b90d-31a7dc8beb44,N/A,INFO,false,false,"An element must have an IFCRELCONTAINEDINSPATIALSTRUCTURE relationship with an {'enumeration': ['IFCSPACE', 'IFCBUILDINGSTOREY']}",,No applicable elements exist in this model.
6e5487e2-80fb-55d7-a308-0c1d8f3c8fee,epc-delivery-v2.2-2697235be003292d,iso-reference-view,iso-reference-view.architecture,iso-reference-view.architecture::3ZYW59sxj8lei475l7EhLU,4b7491ef-98a2-5976-aa1d-2b8b765688eb,FAIL,WARNING,true,true,Shall have a CCI Construction reference of {'pattern': '[A-Z]-[A-Z]{3}'},,The entity has no classification
042851df-99b5-58d7-8cf2-4e321d2351e7,epc-delivery-v2.2-2697235be003292d,iso-reference-view,iso-reference-view.architecture,iso-reference-view.architecture::3ZYW59sxj8lei475l7EhLU,5dd2e8a6-985f-5a56-9462-77a2765b7ef4,PASS,INFO,true,false,IsExternal data shall be provided in the dataset Pset_WallCommon,,Requirement satisfied.
77587c19-8cd8-52df-b9a7-32bd3ab22364,epc-delivery-v2.2-2697235be003292d,iso-reference-view,iso-reference-view.architecture,iso-reference-view.architecture::3ZYW59sxj8lei475l7EhLU,63e9c0f9-4cb5-5b50-9f4b-456fc6f25c41,PASS,INFO,true,false,The Name shall be provided,,Requirement satisfied.
90e50bf0-38a7-58bc-9ea6-31c48c062032,epc-delivery-v2.2-2697235be003292d,iso-reference-view,iso-reference-view.architecture,,842a37c7-3183-5fce-ab45-b93c37ec7a08,N/A,INFO,false,false,AssetTag data shall be provided in the dataset EPC_Delivery,,No applicable elements exist in this model.
16df5566-8052-5bb1-82fa-e28b1c43b41f,epc-delivery-v2.2-2697235be003292d,iso-reference-view,iso-reference-view.architecture,,9321298b-4a9f-5a3e-9d10-6668b736d465,N/A,INFO,false,false,SystemCode data shall be provided in the dataset EPC_Delivery,,No applicable elements exist in this model.
951522b7-3052-5b93-9cac-deb8d4038a4f,epc-delivery-v2.2-2697235be003292d,iso-reference-view,iso-reference-view.architecture,,a1402559-dcfc-5af4-a222-3a13eaf2b161,N/A,INFO,false,false,AssetTag data shall be provided in the dataset EPC_Delivery,,No applicable elements exist in this model.
e29ee573-c6e3-5945-ba61-d615f6be3fdd,epc-delivery-v2.2-2697235be003292d,iso-reference-view,iso-reference-view.architecture,,acb11f11-bf18-5516-a6f2-21e451a6e410,FAIL,ERROR,true,true,Carry the project's agreed setout references in every discipline model.,,"This model carries no coordination reference that any sibling model also carries, so the project's models cannot be federated."
37097733-6a65-5f0f-8e62-51361b095f82,epc-delivery-v2.2-2697235be003292d,iso-reference-view,iso-reference-view.architecture,,f6b0edb7-ca35-596a-b72e-42f21ed1419a,N/A,INFO,false,false,"Shall be IFCCOLUMN data of type {'enumeration': ['COLUMN', 'PILASTER']}",,No applicable elements exist in this model.
8d1d9088-d255-590d-ab8b-acdd5e4f6011,epc-delivery-v2.2-2697235be003292d,iso-reference-view,iso-reference-view.architecture,,fd3742bc-adf3-55ea-a220-d7b7c82df6d6,N/A,INFO,false,false,"Shall be IFCBEAM data of type {'enumeration': ['BEAM', 'JOIST', 'HOLLOWCORE', 'LINTEL', 'SPANDREL', 'T_BEAM']}",,No applicable elements exist in this model.
635d6051-d427-5335-921a-c4eec1dffa0b,epc-delivery-v2.2-2697235be003292d,iso-reference-view,iso-reference-view.architecture,,fd49c300-7ef6-5a8d-825f-53210dd579fe,N/A,INFO,false,false,SystemCode data shall be provided in the dataset EPC_Delivery,,No applicable elements exist in this model.
f21c9d22-41a6-583c-b2c3-998ce4900972,epc-delivery-v2.2-2697235be003292d,iso-reference-view,iso-reference-view.plumbing,,0041a575-0031-56c2-a9a3-642dc399b84e,N/A,INFO,false,false,LoadBearing data shall be provided in the dataset Pset_BeamCommon,,No applicable elements exist in this model.
8f87d032-b65b-5d65-9316-336d7c3be819,epc-delivery-v2.2-2697235be003292d,iso-reference-view,iso-reference-view.plumbing,,2ead0930-568e-5d49-9708-716c5c740846,N/A,INFO,false,false,"An element must have an IFCRELCONTAINEDINSPATIALSTRUCTURE relationship with an {'enumeration': ['IFCSPACE', 'IFCBUILDINGSTOREY']}",,No applicable elements exist in this model.
2070a88a-4e1b-5ce7-9f1c-fa6f834a3422,epc-delivery-v2.2-2697235be003292d,iso-reference-view,iso-reference-view.plumbing,,3d87ff1f-cc75-5e96-b83a-95709a015713,N/A,INFO,false,false,Shall have a material,,No applicable elements exist in this model.
eea6f15f-e76f-5c79-bf80-3a8a62c33fc3,epc-delivery-v2.2-2697235be003292d,iso-reference-view,iso-reference-view.plumbing,,491a4a0b-9b4a-5f77-b90d-31a7dc8beb44,N/A,INFO,false,false,"An element must have an IFCRELCONTAINEDINSPATIALSTRUCTURE relationship with an {'enumeration': ['IFCSPACE', 'IFCBUILDINGSTOREY']}",,No applicable elements exist in this model.
381046c9-ac9a-53a2-8f54-9f40a2ca3620,epc-delivery-v2.2-2697235be003292d,iso-reference-view,iso-reference-view.plumbing,,4b7491ef-98a2-5976-aa1d-2b8b765688eb,N/A,INFO,false,false,Shall have a CCI Construction reference of {'pattern': '[A-Z]-[A-Z]{3}'},,No applicable elements exist in this model.
a931b0b0-51d6-536c-8b2d-64e66303da92,epc-delivery-v2.2-2697235be003292d,iso-reference-view,iso-reference-view.plumbing,,5dd2e8a6-985f-5a56-9462-77a2765b7ef4,N/A,INFO,false,false,IsExternal data shall be provided in the dataset Pset_WallCommon,,No applicable elements exist in this model.
fd3ab9e3-c2b8-5f60-b1b8-05d7dc99eb75,epc-delivery-v2.2-2697235be003292d,iso-reference-view,iso-reference-view.plumbing,,63e9c0f9-4cb5-5b50-9f4b-456fc6f25c41,N/A,INFO,false,false,The Name shall be provided,,No applicable elements exist in this model.
79665b89-2470-5853-ac0b-116c78eb352d,epc-delivery-v2.2-2697235be003292d,iso-reference-view,iso-reference-view.plumbing,,842a37c7-3183-5fce-ab45-b93c37ec7a08,N/A,INFO,false,false,AssetTag data shall be provided in the dataset EPC_Delivery,,No applicable elements exist in this model.
fde4f45d-51d0-5c11-b67d-be6190201bd8,epc-delivery-v2.2-2697235be003292d,iso-reference-view,iso-reference-view.plumbing,,9321298b-4a9f-5a3e-9d10-6668b736d465,N/A,INFO,false,false,SystemCode data shall be provided in the dataset EPC_Delivery,,No applicable elements exist in this model.
b61dcd4b-f08e-5a28-8a82-677ceeeb6bc0,epc-delivery-v2.2-2697235be003292d,iso-reference-view,iso-reference-view.plumbing,,a1402559-dcfc-5af4-a222-3a13eaf2b161,N/A,INFO,false,false,AssetTag data shall be provided in the dataset EPC_Delivery,,No applicable elements exist in this model.
d3bf9bd4-5886-5c00-b62f-48a0f41afa67,epc-delivery-v2.2-2697235be003292d,iso-reference-view,iso-reference-view.plumbing,,acb11f11-bf18-5516-a6f2-21e451a6e410,FAIL,ERROR,true,true,Carry the project's agreed setout references in every discipline model.,,"This model carries no coordination reference that any sibling model also carries, so the project's models cannot be federated."
1fbaf177-b892-521b-a147-66003692c66d,epc-delivery-v2.2-2697235be003292d,iso-reference-view,iso-reference-view.plumbing,,f6b0edb7-ca35-596a-b72e-42f21ed1419a,N/A,INFO,false,false,"Shall be IFCCOLUMN data of type {'enumeration': ['COLUMN', 'PILASTER']}",,No applicable elements exist in this model.
b661fd30-8797-564c-b7bf-3c5c6ffe5578,epc-delivery-v2.2-2697235be003292d,iso-reference-view,iso-reference-view.plumbing,,fd3742bc-adf3-55ea-a220-d7b7c82df6d6,N/A,INFO,false,false,"Shall be IFCBEAM data of type {'enumeration': ['BEAM', 'JOIST', 'HOLLOWCORE', 'LINTEL', 'SPANDREL', 'T_BEAM']}",,No applicable elements exist in this model.
c7c11db4-3812-57e2-a9c1-5fee3b5f777c,epc-delivery-v2.2-2697235be003292d,iso-reference-view,iso-reference-view.plumbing,,fd49c300-7ef6-5a8d-825f-53210dd579fe,N/A,INFO,false,false,SystemCode data shall be provided in the dataset EPC_Delivery,,No applicable elements exist in this model.
7aa5dada-6cf5-5686-8d09-a2fa12ae59c2,epc-delivery-v2.2-2697235be003292d,iso-reference-view,iso-reference-view.structural,,0041a575-0031-56c2-a9a3-642dc399b84e,N/A,INFO,false,false,LoadBearing data shall be provided in the dataset Pset_BeamCommon,,No applicable elements exist in this model.
bd791fe8-03b7-5fcd-b91c-1dd57a064899,epc-delivery-v2.2-2697235be003292d,iso-reference-view,iso-reference-view.structural,,2ead0930-568e-5d49-9708-716c5c740846,N/A,INFO,false,false,"An element must have an IFCRELCONTAINEDINSPATIALSTRUCTURE relationship with an {'enumeration': ['IFCSPACE', 'IFCBUILDINGSTOREY']}",,No applicable elements exist in this model.
8eaea1e3-2402-5e4d-8c23-3b6cefaa5b7d,epc-delivery-v2.2-2697235be003292d,iso-reference-view,iso-reference-view.structural,,3d87ff1f-cc75-5e96-b83a-95709a015713,N/A,INFO,false,false,Shall have a material,,No applicable elements exist in this model.
d99aa9a7-f82e-59ee-9793-ee9c56cc5e50,epc-delivery-v2.2-2697235be003292d,iso-reference-view,iso-reference-view.structural,,491a4a0b-9b4a-5f77-b90d-31a7dc8beb44,N/A,INFO,false,false,"An element must have an IFCRELCONTAINEDINSPATIALSTRUCTURE relationship with an {'enumeration': ['IFCSPACE', 'IFCBUILDINGSTOREY']}",,No applicable elements exist in this model.
1a92d840-11b5-5a1d-88cd-d89038277085,epc-delivery-v2.2-2697235be003292d,iso-reference-view,iso-reference-view.structural,,4b7491ef-98a2-5976-aa1d-2b8b765688eb,N/A,INFO,false,false,Shall have a CCI Construction reference of {'pattern': '[A-Z]-[A-Z]{3}'},,No applicable elements exist in this model.
20746a4a-82fb-5674-9777-3bb965829127,epc-delivery-v2.2-2697235be003292d,iso-reference-view,iso-reference-view.structural,,5dd2e8a6-985f-5a56-9462-77a2765b7ef4,N/A,INFO,false,false,IsExternal data shall be provided in the dataset Pset_WallCommon,,No applicable elements exist in this model.
99bf6734-358c-57ca-98c7-0292b54b41a8,epc-delivery-v2.2-2697235be003292d,iso-reference-view,iso-reference-view.structural,,63e9c0f9-4cb5-5b50-9f4b-456fc6f25c41,N/A,INFO,false,false,The Name shall be provided,,No applicable elements exist in this model.
5b970c8b-28c5-5947-b12f-71fc31ce60b3,epc-delivery-v2.2-2697235be003292d,iso-reference-view,iso-reference-view.structural,,842a37c7-3183-5fce-ab45-b93c37ec7a08,N/A,INFO,false,false,AssetTag data shall be provided in the dataset EPC_Delivery,,No applicable elements exist in this model.
ffdd455b-86fd-5fd5-bfde-0df6d1fc6c06,epc-delivery-v2.2-2697235be003292d,iso-reference-view,iso-reference-view.structural,,9321298b-4a9f-5a3e-9d10-6668b736d465,N/A,INFO,false,false,SystemCode data shall be provided in the dataset EPC_Delivery,,No applicable elements exist in this model.
ed6b2a03-843b-53cc-9755-7bf039e1512a,epc-delivery-v2.2-2697235be003292d,iso-reference-view,iso-reference-view.structural,,a1402559-dcfc-5af4-a222-3a13eaf2b161,N/A,INFO,false,false,AssetTag data shall be provided in the dataset EPC_Delivery,,No applicable elements exist in this model.
9334a7c0-0c51-5daf-9b4e-4c553cf083c8,epc-delivery-v2.2-2697235be003292d,iso-reference-view,iso-reference-view.structural,,acb11f11-bf18-5516-a6f2-21e451a6e410,FAIL,ERROR,true,true,Carry the project's agreed setout references in every discipline model.,,"This model carries no coordination reference that any sibling model also carries, so the project's models cannot be federated."
af9ccf77-073a-599a-a244-1d2550a1c5e6,epc-delivery-v2.2-2697235be003292d,iso-reference-view,iso-reference-view.structural,iso-reference-view.structural::2WUGYBphrFv8aLIFJCmiIk,f6b0edb7-ca35-596a-b72e-42f21ed1419a,PASS,INFO,true,false,"Shall be IFCCOLUMN data of type {'enumeration': ['COLUMN', 'PILASTER']}",,Requirement satisfied.
04af32a2-7bba-5bf3-ae4c-001d05ea73ca,epc-delivery-v2.2-2697235be003292d,iso-reference-view,iso-reference-view.structural,,fd3742bc-adf3-55ea-a220-d7b7c82df6d6,N/A,INFO,false,false,"Shall be IFCBEAM data of type {'enumeration': ['BEAM', 'JOIST', 'HOLLOWCORE', 'LINTEL', 'SPANDREL', 'T_BEAM']}",,No applicable elements exist in this model.
f5e96095-8a1a-55e9-bcad-ce8a5de5de39,epc-delivery-v2.2-2697235be003292d,iso-reference-view,iso-reference-view.structural,,fd49c300-7ef6-5a8d-825f-53210dd579fe,N/A,INFO,false,false,SystemCode data shall be provided in the dataset EPC_Delivery,,No applicable elements exist in this model.
654bb127-84c3-5aff-8059-1ff719ca14b6,epc-delivery-v2.2-2697235be003292d,pcert-sample,architecture,,0041a575-0031-56c2-a9a3-642dc399b84e,N/A,INFO,false,false,LoadBearing data shall be provided in the dataset Pset_BeamCommon,,No applicable elements exist in this model.
572c0480-e3aa-5793-ab14-b9850d7e8835,epc-delivery-v2.2-2697235be003292d,pcert-sample,architecture,,2ead0930-568e-5d49-9708-716c5c740846,N/A,INFO,false,false,"An element must have an IFCRELCONTAINEDINSPATIALSTRUCTURE relationship with an {'enumeration': ['IFCSPACE', 'IFCBUILDINGSTOREY']}",,No applicable elements exist in this model.
7d991e7c-b012-5170-8145-f50c9b7be9ef,epc-delivery-v2.2-2697235be003292d,pcert-sample,architecture,architecture::0OfZwWc8j9QP5uX8xPTxDH,3d87ff1f-cc75-5e96-b83a-95709a015713,PASS,INFO,true,false,Shall have a material,,Requirement satisfied.
c9774118-c64e-59aa-ae87-dd0429fed697,epc-delivery-v2.2-2697235be003292d,pcert-sample,architecture,architecture::1AQAupaRP1txwK1AGiN61V,3d87ff1f-cc75-5e96-b83a-95709a015713,PASS,INFO,true,false,Shall have a material,,Requirement satisfied.
525a147f-0077-5b48-8856-61c7ab2dbeb2,epc-delivery-v2.2-2697235be003292d,pcert-sample,architecture,architecture::1uS5vfZPn9R8PlAaVd73on,3d87ff1f-cc75-5e96-b83a-95709a015713,PASS,INFO,true,false,Shall have a material,,Requirement satisfied.
5dc18d06-a125-5a45-b3a1-fa4ca72282ff,epc-delivery-v2.2-2697235be003292d,pcert-sample,architecture,architecture::3wdauVJT5Fx9drrREiDqA$,3d87ff1f-cc75-5e96-b83a-95709a015713,PASS,INFO,true,false,Shall have a material,,Requirement satisfied.
46413c3e-8e1f-515e-ba6e-35523a62894e,epc-delivery-v2.2-2697235be003292d,pcert-sample,architecture,,491a4a0b-9b4a-5f77-b90d-31a7dc8beb44,N/A,INFO,false,false,"An element must have an IFCRELCONTAINEDINSPATIALSTRUCTURE relationship with an {'enumeration': ['IFCSPACE', 'IFCBUILDINGSTOREY']}",,No applicable elements exist in this model.
b70c8ac7-487a-52b4-959a-d9666ec7f6f7,epc-delivery-v2.2-2697235be003292d,pcert-sample,architecture,architecture::0OfZwWc8j9QP5uX8xPTxDH,4b7491ef-98a2-5976-aa1d-2b8b765688eb,FAIL,WARNING,true,true,Shall have a CCI Construction reference of {'pattern': '[A-Z]-[A-Z]{3}'},,The entity has no classification
2660c329-8198-556c-968c-a22f90470319,epc-delivery-v2.2-2697235be003292d,pcert-sample,architecture,architecture::1AQAupaRP1txwK1AGiN61V,4b7491ef-98a2-5976-aa1d-2b8b765688eb,FAIL,WARNING,true,true,Shall have a CCI Construction reference of {'pattern': '[A-Z]-[A-Z]{3}'},,The entity has no classification
46599eea-1639-5891-8616-8c48ad2499d6,epc-delivery-v2.2-2697235be003292d,pcert-sample,architecture,architecture::1uS5vfZPn9R8PlAaVd73on,4b7491ef-98a2-5976-aa1d-2b8b765688eb,FAIL,WARNING,true,true,Shall have a CCI Construction reference of {'pattern': '[A-Z]-[A-Z]{3}'},,The entity has no classification
01d45fac-4218-5277-a984-ded19eefa615,epc-delivery-v2.2-2697235be003292d,pcert-sample,architecture,architecture::3wdauVJT5Fx9drrREiDqA$,4b7491ef-98a2-5976-aa1d-2b8b765688eb,FAIL,WARNING,true,true,Shall have a CCI Construction reference of {'pattern': '[A-Z]-[A-Z]{3}'},,The entity has no classification
3d68767f-ed93-5743-82cc-2453729fb243,epc-delivery-v2.2-2697235be003292d,pcert-sample,architecture,architecture::0OfZwWc8j9QP5uX8xPTxDH,5dd2e8a6-985f-5a56-9462-77a2765b7ef4,PASS,INFO,true,false,IsExternal data shall be provided in the dataset Pset_WallCommon,,Requirement satisfied.
8159720a-57ee-5576-be59-8a0a9c136e2d,epc-delivery-v2.2-2697235be003292d,pcert-sample,architecture,architecture::1AQAupaRP1txwK1AGiN61V,5dd2e8a6-985f-5a56-9462-77a2765b7ef4,PASS,INFO,true,false,IsExternal data shall be provided in the dataset Pset_WallCommon,,Requirement satisfied.
a4d6cf52-2ea4-51d5-a2cb-bb16840ed55c,epc-delivery-v2.2-2697235be003292d,pcert-sample,architecture,architecture::1uS5vfZPn9R8PlAaVd73on,5dd2e8a6-985f-5a56-9462-77a2765b7ef4,PASS,INFO,true,false,IsExternal data shall be provided in the dataset Pset_WallCommon,,Requirement satisfied.
e5e93d91-e51c-510b-a226-51444ca5c08f,epc-delivery-v2.2-2697235be003292d,pcert-sample,architecture,architecture::3wdauVJT5Fx9drrREiDqA$,5dd2e8a6-985f-5a56-9462-77a2765b7ef4,PASS,INFO,true,false,IsExternal data shall be provided in the dataset Pset_WallCommon,,Requirement satisfied.
f98d6544-a6fc-5e16-9bf2-a651b1e662e3,epc-delivery-v2.2-2697235be003292d,pcert-sample,architecture,architecture::0OfZwWc8j9QP5uX8xPTxDH,63e9c0f9-4cb5-5b50-9f4b-456fc6f25c41,PASS,INFO,true,false,The Name shall be provided,,Requirement satisfied.
d0f0b33e-156f-5b98-a1c5-7b2f1b765442,epc-delivery-v2.2-2697235be003292d,pcert-sample,architecture,architecture::1AQAupaRP1txwK1AGiN61V,63e9c0f9-4cb5-5b50-9f4b-456fc6f25c41,PASS,INFO,true,false,The Name shall be provided,,Requirement satisfied.
93bcccd9-a010-5af4-a094-e27462601d40,epc-delivery-v2.2-2697235be003292d,pcert-sample,architecture,architecture::1uS5vfZPn9R8PlAaVd73on,63e9c0f9-4cb5-5b50-9f4b-456fc6f25c41,PASS,INFO,true,false,The Name shall be provided,,Requirement satisfied.
63e91332-30da-5594-b14f-9774e1ed7686,epc-delivery-v2.2-2697235be003292d,pcert-sample,architecture,architecture::3wdauVJT5Fx9drrREiDqA$,63e9c0f9-4cb5-5b50-9f4b-456fc6f25c41,PASS,INFO,true,false,The Name shall be provided,,Requirement satisfied.
4733bbc7-06cb-54da-9563-81992ebc5fcc,epc-delivery-v2.2-2697235be003292d,pcert-sample,architecture,,842a37c7-3183-5fce-ab45-b93c37ec7a08,N/A,INFO,false,false,AssetTag data shall be provided in the dataset EPC_Delivery,,No applicable elements exist in this model.
3e4c7e8b-4b0d-5139-9db4-7fba7a916132,epc-delivery-v2.2-2697235be003292d,pcert-sample,architecture,,9321298b-4a9f-5a3e-9d10-6668b736d465,N/A,INFO,false,false,SystemCode data shall be provided in the dataset EPC_Delivery,,No applicable elements exist in this model.
29b21b8a-cfff-52c9-a615-305a503dc60a,epc-delivery-v2.2-2697235be003292d,pcert-sample,architecture,,a1402559-dcfc-5af4-a222-3a13eaf2b161,N/A,INFO,false,false,AssetTag data shall be provided in the dataset EPC_Delivery,,No applicable elements exist in this model.
3ed79cb0-5c4e-5638-8dbc-971147f020a7,epc-delivery-v2.2-2697235be003292d,pcert-sample,architecture,architecture::2F44QMqSH3TOkM$SZoqCBe,acb11f11-bf18-5516-a6f2-21e451a6e410,PASS,INFO,true,false,Carry the project's agreed setout references in every discipline model.,,A coordination reference shared with a sibling model is present.
c227094d-56ee-5fac-929c-48267b1a32d8,epc-delivery-v2.2-2697235be003292d,pcert-sample,architecture,,f6b0edb7-ca35-596a-b72e-42f21ed1419a,N/A,INFO,false,false,"Shall be IFCCOLUMN data of type {'enumeration': ['COLUMN', 'PILASTER']}",,No applicable elements exist in this model.
29b05a5f-3225-51f8-87b8-35b2f7609da7,epc-delivery-v2.2-2697235be003292d,pcert-sample,architecture,,fd3742bc-adf3-55ea-a220-d7b7c82df6d6,N/A,INFO,false,false,"Shall be IFCBEAM data of type {'enumeration': ['BEAM', 'JOIST', 'HOLLOWCORE', 'LINTEL', 'SPANDREL', 'T_BEAM']}",,No applicable elements exist in this model.
784054f7-05ed-5d4a-871d-43891999bae7,epc-delivery-v2.2-2697235be003292d,pcert-sample,architecture,,fd49c300-7ef6-5a8d-825f-53210dd579fe,N/A,INFO,false,false,SystemCode data shall be provided in the dataset EPC_Delivery,,No applicable elements exist in this model.
50dfc6f5-be86-53dd-b593-01985553135d,epc-delivery-v2.2-2697235be003292d,pcert-sample,hvac,,0041a575-0031-56c2-a9a3-642dc399b84e,N/A,INFO,false,false,LoadBearing data shall be provided in the dataset Pset_BeamCommon,,No applicable elements exist in this model.
d90e374f-fdb8-5f63-b307-f4bad7c871d4,epc-delivery-v2.2-2697235be003292d,pcert-sample,hvac,hvac::23uPJWDfXEcwHH3kdFgV9c,2ead0930-568e-5d49-9708-716c5c740846,PASS,INFO,true,false,"An element must have an IFCRELCONTAINEDINSPATIALSTRUCTURE relationship with an {'enumeration': ['IFCSPACE', 'IFCBUILDINGSTOREY']}",,Requirement satisfied.
49097e9c-8544-5d9c-b45c-921fed960f37,epc-delivery-v2.2-2697235be003292d,pcert-sample,hvac,hvac::34Y6EIt3nDCAS1k$kPGOKm,2ead0930-568e-5d49-9708-716c5c740846,PASS,INFO,true,false,"An element must have an IFCRELCONTAINEDINSPATIALSTRUCTURE relationship with an {'enumeration': ['IFCSPACE', 'IFCBUILDINGSTOREY']}",,Requirement satisfied.
839df1cc-f419-544a-bcbf-546ef336a171,epc-delivery-v2.2-2697235be003292d,pcert-sample,hvac,,3d87ff1f-cc75-5e96-b83a-95709a015713,N/A,INFO,false,false,Shall have a material,,No applicable elements exist in this model.
2c232698-eeff-592e-a20a-a48be0847c64,epc-delivery-v2.2-2697235be003292d,pcert-sample,hvac,hvac::38WbwIGD90nB_3T2BTU5Ed,491a4a0b-9b4a-5f77-b90d-31a7dc8beb44,PASS,INFO,true,false,"An element must have an IFCRELCONTAINEDINSPATIALSTRUCTURE relationship with an {'enumeration': ['IFCSPACE', 'IFCBUILDINGSTOREY']}",,Requirement satisfied.
7d1a41d0-be3a-57dd-89bf-5b6e43e1813f,epc-delivery-v2.2-2697235be003292d,pcert-sample,hvac,,4b7491ef-98a2-5976-aa1d-2b8b765688eb,N/A,INFO,false,false,Shall have a CCI Construction reference of {'pattern': '[A-Z]-[A-Z]{3}'},,No applicable elements exist in this model.
275defb1-ef7c-515e-b6a0-9a6eb36cb645,epc-delivery-v2.2-2697235be003292d,pcert-sample,hvac,,5dd2e8a6-985f-5a56-9462-77a2765b7ef4,N/A,INFO,false,false,IsExternal data shall be provided in the dataset Pset_WallCommon,,No applicable elements exist in this model.
1d94d979-9b8b-5dcd-b018-cbf127adf075,epc-delivery-v2.2-2697235be003292d,pcert-sample,hvac,,63e9c0f9-4cb5-5b50-9f4b-456fc6f25c41,N/A,INFO,false,false,The Name shall be provided,,No applicable elements exist in this model.
fef8dd13-7b73-57ab-9acd-7c22dc23699b,epc-delivery-v2.2-2697235be003292d,pcert-sample,hvac,hvac::38WbwIGD90nB_3T2BTU5Ed,842a37c7-3183-5fce-ab45-b93c37ec7a08,FAIL,WARNING,true,true,AssetTag data shall be provided in the dataset EPC_Delivery,,The required property set does not exist
8b8f7936-3a06-5655-aaf1-41b252a8ca73,epc-delivery-v2.2-2697235be003292d,pcert-sample,hvac,hvac::38WbwIGD90nB_3T2BTU5Ed,9321298b-4a9f-5a3e-9d10-6668b736d465,FAIL,WARNING,true,true,SystemCode data shall be provided in the dataset EPC_Delivery,,The required property set does not exist
8d1c2259-f376-57f8-b57e-faf5957311c8,epc-delivery-v2.2-2697235be003292d,pcert-sample,hvac,hvac::23uPJWDfXEcwHH3kdFgV9c,a1402559-dcfc-5af4-a222-3a13eaf2b161,FAIL,WARNING,true,true,AssetTag data shall be provided in the dataset EPC_Delivery,,The required property set does not exist
c9daa449-9dcb-5270-ba4a-7b0aba63abb9,epc-delivery-v2.2-2697235be003292d,pcert-sample,hvac,hvac::34Y6EIt3nDCAS1k$kPGOKm,a1402559-dcfc-5af4-a222-3a13eaf2b161,FAIL,WARNING,true,true,AssetTag data shall be provided in the dataset EPC_Delivery,,The required property set does not exist
7bb99a8a-1e9f-55b7-bbdc-4f94921575f4,epc-delivery-v2.2-2697235be003292d,pcert-sample,hvac,hvac::2F44QMqSH3TOkM$SZoqCBe,acb11f11-bf18-5516-a6f2-21e451a6e410,PASS,INFO,true,false,Carry the project's agreed setout references in every discipline model.,,A coordination reference shared with a sibling model is present.
0a3c2ad3-44a0-565b-b999-00297f6a7016,epc-delivery-v2.2-2697235be003292d,pcert-sample,hvac,,f6b0edb7-ca35-596a-b72e-42f21ed1419a,N/A,INFO,false,false,"Shall be IFCCOLUMN data of type {'enumeration': ['COLUMN', 'PILASTER']}",,No applicable elements exist in this model.
dfcbb924-c909-54b2-9d21-041c3781eb36,epc-delivery-v2.2-2697235be003292d,pcert-sample,hvac,,fd3742bc-adf3-55ea-a220-d7b7c82df6d6,N/A,INFO,false,false,"Shall be IFCBEAM data of type {'enumeration': ['BEAM', 'JOIST', 'HOLLOWCORE', 'LINTEL', 'SPANDREL', 'T_BEAM']}",,No applicable elements exist in this model.
0419bffe-47ab-5a07-b83e-26dc562a24fe,epc-delivery-v2.2-2697235be003292d,pcert-sample,hvac,hvac::23uPJWDfXEcwHH3kdFgV9c,fd49c300-7ef6-5a8d-825f-53210dd579fe,FAIL,WARNING,true,true,SystemCode data shall be provided in the dataset EPC_Delivery,,The required property set does not exist
278ae9c3-a9c1-56e4-98f0-97a1648d96f6,epc-delivery-v2.2-2697235be003292d,pcert-sample,hvac,hvac::34Y6EIt3nDCAS1k$kPGOKm,fd49c300-7ef6-5a8d-825f-53210dd579fe,FAIL,WARNING,true,true,SystemCode data shall be provided in the dataset EPC_Delivery,,The required property set does not exist
528bcfd4-c445-55e8-b4bf-19486a01a0dd,epc-delivery-v2.2-2697235be003292d,pcert-sample,structural,structural::0Lvk$Qa81D5et3l3a4S9Vk,0041a575-0031-56c2-a9a3-642dc399b84e,PASS,INFO,true,false,LoadBearing data shall be provided in the dataset Pset_BeamCommon,,Requirement satisfied.
63cd311e-22ea-5ca7-9b81-2e626b654535,epc-delivery-v2.2-2697235be003292d,pcert-sample,structural,structural::0fqX614OH1YO1Njdxms2$Q,0041a575-0031-56c2-a9a3-642dc399b84e,PASS,INFO,true,false,LoadBearing data shall be provided in the dataset Pset_BeamCommon,,Requirement satisfied.
5dfb7eab-4a5f-5f6c-8948-332e82f45f97,epc-delivery-v2.2-2697235be003292d,pcert-sample,structural,structural::0rh7bRO0L9fg1NzgGKU$Ut,0041a575-0031-56c2-a9a3-642dc399b84e,PASS,INFO,true,false,LoadBearing data shall be provided in the dataset Pset_BeamCommon,,Requirement satisfied.
d0f8a2dc-e31d-5dbd-ba53-f3e963e64bbd,epc-delivery-v2.2-2697235be003292d,pcert-sample,structural,structural::2ddLgAnQf4mBfh5IpUp54U,0041a575-0031-56c2-a9a3-642dc399b84e,PASS,INFO,true,false,LoadBearing data shall be provided in the dataset Pset_BeamCommon,,Requirement satisfied.
e196efc1-83fb-5ddd-997c-90092743bc70,epc-delivery-v2.2-2697235be003292d,pcert-sample,structural,structural::2fjJuPht9EIQaZQYZfC1Op,0041a575-0031-56c2-a9a3-642dc399b84e,PASS,INFO,true,false,LoadBearing data shall be provided in the dataset Pset_BeamCommon,,Requirement satisfied.
75a9a1b2-dea8-54a9-98e5-b3146628d905,epc-delivery-v2.2-2697235be003292d,pcert-sample,structural,structural::3roxUKbVv98xiUcl22_T07,0041a575-0031-56c2-a9a3-642dc399b84e,PASS,INFO,true,false,LoadBearing data shall be provided in the dataset Pset_BeamCommon,,Requirement satisfied.
0f8c3d9c-364c-5b66-aef6-97be0ff7b341,epc-delivery-v2.2-2697235be003292d,pcert-sample,structural,,2ead0930-568e-5d49-9708-716c5c740846,N/A,INFO,false,false,"An element must have an IFCRELCONTAINEDINSPATIALSTRUCTURE relationship with an {'enumeration': ['IFCSPACE', 'IFCBUILDINGSTOREY']}",,No applicable elements exist in this model.
2f3ac26f-e1cb-5ecd-8d2f-fa7c3c9057e2,epc-delivery-v2.2-2697235be003292d,pcert-sample,structural,structural::0DyViLJJ175RvWQi1rE7a6,3d87ff1f-cc75-5e96-b83a-95709a015713,PASS,INFO,true,false,Shall have a material,,Requirement satisfied.
4c3eff85-a259-5ded-8819-312c9d75d31d,epc-delivery-v2.2-2697235be003292d,pcert-sample,structural,structural::2gTJhghMT81QThk15l2VwR,3d87ff1f-cc75-5e96-b83a-95709a015713,PASS,INFO,true,false,Shall have a material,,Requirement satisfied.
a21a78a7-e20d-5c98-a239-cc3c52dd575f,epc-delivery-v2.2-2697235be003292d,pcert-sample,structural,structural::3SGBcf7Lv0r80vKtUCgOpf,3d87ff1f-cc75-5e96-b83a-95709a015713,PASS,INFO,true,false,Shall have a material,,Requirement satisfied.
cd79f13d-5bb6-5611-af28-a4dc16e776c1,epc-delivery-v2.2-2697235be003292d,pcert-sample,structural,structural::3oNJ9yHi5FJuFnK8yg68Yt,3d87ff1f-cc75-5e96-b83a-95709a015713,PASS,INFO,true,false,Shall have a material,,Requirement satisfied.
37443e33-e005-52dc-9778-9ce05d56dccf,epc-delivery-v2.2-2697235be003292d,pcert-sample,structural,,491a4a0b-9b4a-5f77-b90d-31a7dc8beb44,N/A,INFO,false,false,"An element must have an IFCRELCONTAINEDINSPATIALSTRUCTURE relationship with an {'enumeration': ['IFCSPACE', 'IFCBUILDINGSTOREY']}",,No applicable elements exist in this model.
ed5dca52-5947-5cbd-9f7b-330b0000cfe0,epc-delivery-v2.2-2697235be003292d,pcert-sample,structural,structural::0DyViLJJ175RvWQi1rE7a6,4b7491ef-98a2-5976-aa1d-2b8b765688eb,FAIL,WARNING,true,true,Shall have a CCI Construction reference of {'pattern': '[A-Z]-[A-Z]{3}'},,The entity has no classification
f10c2a91-e189-57e8-8da4-448572da5829,epc-delivery-v2.2-2697235be003292d,pcert-sample,structural,structural::2gTJhghMT81QThk15l2VwR,4b7491ef-98a2-5976-aa1d-2b8b765688eb,FAIL,WARNING,true,true,Shall have a CCI Construction reference of {'pattern': '[A-Z]-[A-Z]{3}'},,The entity has no classification
3381e257-a16a-5c0b-96de-f422b8de382e,epc-delivery-v2.2-2697235be003292d,pcert-sample,structural,structural::3SGBcf7Lv0r80vKtUCgOpf,4b7491ef-98a2-5976-aa1d-2b8b765688eb,FAIL,WARNING,true,true,Shall have a CCI Construction reference of {'pattern': '[A-Z]-[A-Z]{3}'},,The entity has no classification
d6151298-46cb-5d3b-abc1-22614525c5c9,epc-delivery-v2.2-2697235be003292d,pcert-sample,structural,structural::3oNJ9yHi5FJuFnK8yg68Yt,4b7491ef-98a2-5976-aa1d-2b8b765688eb,FAIL,WARNING,true,true,Shall have a CCI Construction reference of {'pattern': '[A-Z]-[A-Z]{3}'},,The entity has no classification
863cd360-200f-5e5b-8175-3513fbc48688,epc-delivery-v2.2-2697235be003292d,pcert-sample,structural,structural::0DyViLJJ175RvWQi1rE7a6,5dd2e8a6-985f-5a56-9462-77a2765b7ef4,PASS,INFO,true,false,IsExternal data shall be provided in the dataset Pset_WallCommon,,Requirement satisfied.
b83c0267-d94d-5483-bd20-c36157f3f77e,epc-delivery-v2.2-2697235be003292d,pcert-sample,structural,structural::2gTJhghMT81QThk15l2VwR,5dd2e8a6-985f-5a56-9462-77a2765b7ef4,PASS,INFO,true,false,IsExternal data shall be provided in the dataset Pset_WallCommon,,Requirement satisfied.
ebf6416e-547c-51fd-acbe-0f1b3862f68d,epc-delivery-v2.2-2697235be003292d,pcert-sample,structural,structural::3SGBcf7Lv0r80vKtUCgOpf,5dd2e8a6-985f-5a56-9462-77a2765b7ef4,PASS,INFO,true,false,IsExternal data shall be provided in the dataset Pset_WallCommon,,Requirement satisfied.
cfd02f2c-cb99-5276-9c89-48b7b5e98191,epc-delivery-v2.2-2697235be003292d,pcert-sample,structural,structural::3oNJ9yHi5FJuFnK8yg68Yt,5dd2e8a6-985f-5a56-9462-77a2765b7ef4,PASS,INFO,true,false,IsExternal data shall be provided in the dataset Pset_WallCommon,,Requirement satisfied.
17113e8d-ff90-59a2-ac35-a5faed06a307,epc-delivery-v2.2-2697235be003292d,pcert-sample,structural,structural::0DyViLJJ175RvWQi1rE7a6,63e9c0f9-4cb5-5b50-9f4b-456fc6f25c41,PASS,INFO,true,false,The Name shall be provided,,Requirement satisfied.
60afc5a8-036b-5346-98d7-185a0bda334e,epc-delivery-v2.2-2697235be003292d,pcert-sample,structural,structural::2gTJhghMT81QThk15l2VwR,63e9c0f9-4cb5-5b50-9f4b-456fc6f25c41,PASS,INFO,true,false,The Name shall be provided,,Requirement satisfied.
46f37d34-5781-5f4d-a3c1-d9f1df4b7701,epc-delivery-v2.2-2697235be003292d,pcert-sample,structural,structural::3SGBcf7Lv0r80vKtUCgOpf,63e9c0f9-4cb5-5b50-9f4b-456fc6f25c41,PASS,INFO,true,false,The Name shall be provided,,Requirement satisfied.
21094958-b735-587a-a826-352c327b6d32,epc-delivery-v2.2-2697235be003292d,pcert-sample,structural,structural::3oNJ9yHi5FJuFnK8yg68Yt,63e9c0f9-4cb5-5b50-9f4b-456fc6f25c41,PASS,INFO,true,false,The Name shall be provided,,Requirement satisfied.
15edd526-7064-515f-ac0d-97cc0aba5906,epc-delivery-v2.2-2697235be003292d,pcert-sample,structural,,842a37c7-3183-5fce-ab45-b93c37ec7a08,N/A,INFO,false,false,AssetTag data shall be provided in the dataset EPC_Delivery,,No applicable elements exist in this model.
95e80d43-30ad-5dc5-9a4c-eeac43c9e966,epc-delivery-v2.2-2697235be003292d,pcert-sample,structural,,9321298b-4a9f-5a3e-9d10-6668b736d465,N/A,INFO,false,false,SystemCode data shall be provided in the dataset EPC_Delivery,,No applicable elements exist in this model.
0acd9077-a92f-5bdb-8048-e8226e8ecf8f,epc-delivery-v2.2-2697235be003292d,pcert-sample,structural,,a1402559-dcfc-5af4-a222-3a13eaf2b161,N/A,INFO,false,false,AssetTag data shall be provided in the dataset EPC_Delivery,,No applicable elements exist in this model.
1c34027f-be60-5d01-9746-d2ea73d9facc,epc-delivery-v2.2-2697235be003292d,pcert-sample,structural,structural::2F44QMqSH3TOkM$SZoqCBe,acb11f11-bf18-5516-a6f2-21e451a6e410,PASS,INFO,true,false,Carry the project's agreed setout references in every discipline model.,,A coordination reference shared with a sibling model is present.
c92ab1f3-cc4b-5952-bd4c-13d841be8d1e,epc-delivery-v2.2-2697235be003292d,pcert-sample,structural,,f6b0edb7-ca35-596a-b72e-42f21ed1419a,N/A,INFO,false,false,"Shall be IFCCOLUMN data of type {'enumeration': ['COLUMN', 'PILASTER']}",,No applicable elements exist in this model.
0d976ded-2290-5d8f-b425-049e096e8fc5,epc-delivery-v2.2-2697235be003292d,pcert-sample,structural,structural::0Lvk$Qa81D5et3l3a4S9Vk,fd3742bc-adf3-55ea-a220-d7b7c82df6d6,FAIL,ERROR,true,true,"Shall be IFCBEAM data of type {'enumeration': ['BEAM', 'JOIST', 'HOLLOWCORE', 'LINTEL', 'SPANDREL', 'T_BEAM']}",,"The predefined type ""girder_segment"" does not meet the required type"
36db495a-020c-5658-8536-487b8b0501d0,epc-delivery-v2.2-2697235be003292d,pcert-sample,structural,structural::0fqX614OH1YO1Njdxms2$Q,fd3742bc-adf3-55ea-a220-d7b7c82df6d6,FAIL,ERROR,true,true,"Shall be IFCBEAM data of type {'enumeration': ['BEAM', 'JOIST', 'HOLLOWCORE', 'LINTEL', 'SPANDREL', 'T_BEAM']}",,"The predefined type ""girder_segment"" does not meet the required type"
41f9a8fa-722d-55fb-ab5d-5f4e020a1397,epc-delivery-v2.2-2697235be003292d,pcert-sample,structural,structural::0rh7bRO0L9fg1NzgGKU$Ut,fd3742bc-adf3-55ea-a220-d7b7c82df6d6,FAIL,ERROR,true,true,"Shall be IFCBEAM data of type {'enumeration': ['BEAM', 'JOIST', 'HOLLOWCORE', 'LINTEL', 'SPANDREL', 'T_BEAM']}",,"The predefined type ""girder_segment"" does not meet the required type"
4091a011-58a4-5dd7-88ef-1b77d4d9ddc3,epc-delivery-v2.2-2697235be003292d,pcert-sample,structural,structural::2ddLgAnQf4mBfh5IpUp54U,fd3742bc-adf3-55ea-a220-d7b7c82df6d6,FAIL,ERROR,true,true,"Shall be IFCBEAM data of type {'enumeration': ['BEAM', 'JOIST', 'HOLLOWCORE', 'LINTEL', 'SPANDREL', 'T_BEAM']}",,"The predefined type ""girder_segment"" does not meet the required type"
1df0ff29-41d4-537f-b566-33e549d9a6bf,epc-delivery-v2.2-2697235be003292d,pcert-sample,structural,structural::2fjJuPht9EIQaZQYZfC1Op,fd3742bc-adf3-55ea-a220-d7b7c82df6d6,FAIL,ERROR,true,true,"Shall be IFCBEAM data of type {'enumeration': ['BEAM', 'JOIST', 'HOLLOWCORE', 'LINTEL', 'SPANDREL', 'T_BEAM']}",,"The predefined type ""girder_segment"" does not meet the required type"
fd97e129-e28a-5447-b69f-101c9f4f0f38,epc-delivery-v2.2-2697235be003292d,pcert-sample,structural,structural::3roxUKbVv98xiUcl22_T07,fd3742bc-adf3-55ea-a220-d7b7c82df6d6,FAIL,ERROR,true,true,"Shall be IFCBEAM data of type {'enumeration': ['BEAM', 'JOIST', 'HOLLOWCORE', 'LINTEL', 'SPANDREL', 'T_BEAM']}",,"The predefined type ""girder_segment"" does not meet the required type"
9afe2b39-ea5e-54b2-99af-1ca54ee23ea7,epc-delivery-v2.2-2697235be003292d,pcert-sample,structural,,fd49c300-7ef6-5a8d-825f-53210dd579fe,N/A,INFO,false,false,SystemCode data shall be provided in the dataset EPC_Delivery,,No applicable elements exist in this model.
