issue_key,finding_key
0dff3a8f-6542-53aa-8e46-1e90eb62ef61,3381e257-a16a-5c0b-96de-f422b8de382e
14e8ec00-e9fc-52dd-a96e-6db48219c3f9,b70c8ac7-487a-52b4-959a-d9666ec7f6f7
1c398d33-892a-5ad7-9dc5-25ca3b4c9c28,9334a7c0-0c51-5daf-9b4e-4c553cf083c8
22854971-462b-5889-8532-d85a22d135f0,fd97e129-e28a-5447-b69f-101c9f4f0f38
3b444cc5-f58f-5cd0-8a5e-b6df23fc242e,278ae9c3-a9c1-56e4-98f0-97a1648d96f6
3b444cc5-f58f-5cd0-8a5e-b6df23fc242e,c9daa449-9dcb-5270-ba4a-7b0aba63abb9
637e2d02-4ca6-5415-9aaa-c692d522403b,1df0ff29-41d4-537f-b566-33e549d9a6bf
6581de0f-954b-5833-a6d0-83adc7b33fef,0419bffe-47ab-5a07-b83e-26dc562a24fe
6581de0f-954b-5833-a6d0-83adc7b33fef,8d1c2259-f376-57f8-b57e-faf5957311c8
74b969aa-9fa4-5f8b-92aa-2f21f4828c40,ed5dca52-5947-5cbd-9f7b-330b0000cfe0
75f61270-1cb5-57eb-a10c-95bdbb25e9db,8b8f7936-3a06-5655-aaf1-41b252a8ca73
75f61270-1cb5-57eb-a10c-95bdbb25e9db,fef8dd13-7b73-57ab-9acd-7c22dc23699b
7728d48c-5e89-57a2-80b3-86bc058d8bc1,e29ee573-c6e3-5945-ba61-d615f6be3fdd
7819a8e3-8e80-5ca1-be0f-47d32692d426,41f9a8fa-722d-55fb-ab5d-5f4e020a1397
7c025224-ccac-5e80-9ff6-9d51bb648ff1,2660c329-8198-556c-968c-a22f90470319
8d1a11ab-cc49-5894-a4bd-25dc75ea2e9f,6e5487e2-80fb-55d7-a308-0c1d8f3c8fee
94d9545c-5121-5719-ada7-b3d47bc6dfec,36db495a-020c-5658-8536-487b8b0501d0
9be92dd5-bf69-5501-a578-733c58b59410,d3bf9bd4-5886-5c00-b62f-48a0f41afa67
b5ed390e-a770-503e-b4e3-39afc4a67195,f10c2a91-e189-57e8-8da4-448572da5829
b6545603-519c-5b9c-b5ea-a75ab4046e6e,d6151298-46cb-5d3b-abc1-22614525c5c9
b66bef2e-1bb5-5d8f-84fe-871a92a75d91,46599eea-1639-5891-8616-8c48ad2499d6
c988606c-6360-5805-91c2-748c1b0bcbb9,01d45fac-4218-5277-a984-ded19eefa615
db3101a3-b029-5909-a37e-14b8c3d7ed03,0d976ded-2290-5d8f-b425-049e096e8fc5
e6f2a425-1849-5be2-951c-dbb7e4a3e267,4091a011-58a4-5dd7-88ef-1b77d4d9ddc3
