event_key,issue_key,sequence,occurred_at,event_type,from_state,to_state,actor_role,payload_version,typed_payload,actor_ref
79356e11-0657-5c95-ad87-1cf52749226a,0dff3a8f-6542-53aa-8e46-1e90eb62ef61,1,2026-08-13T00:00:00Z,topic_created,,Open,information-manager,1,"{""finding_count"":""1"",""title"":""structural::3SGBcf7Lv0r80vKtUCgOpf""}",
b651a7c8-3a58-5625-b872-a1783329326e,14e8ec00-e9fc-52dd-a96e-6db48219c3f9,1,2026-08-13T00:00:00Z,topic_created,,Open,information-manager,1,"{""finding_count"":""1"",""title"":""architecture::0OfZwWc8j9QP5uX8xPTxDH""}",
ea68ac77-558c-5ae7-a9b3-e351b220cccf,1c398d33-892a-5ad7-9dc5-25ca3b4c9c28,1,2026-08-13T00:00:00Z,topic_created,,Open,model-coordination,1,"{""finding_count"":""1"",""title"":""iso-reference-view.structural""}",
71b71b94-04b4-554f-bf8d-1407f474ed6b,22854971-462b-5889-8532-d85a22d135f0,1,2026-08-13T00:00:00Z,topic_created,,Open,structural-lead,1,"{""finding_count"":""1"",""title"":""structural::3roxUKbVv98xiUcl22_T07""}",
0b2e2842-0f8d-5dcc-a6ae-abe01873251e,3b444cc5-f58f-5cd0-8a5e-b6df23fc242e,1,2026-08-13T00:00:00Z,topic_created,,Open,model-coordination,1,"{""finding_count"":""2"",""title"":""hvac::34Y6EIt3nDCAS1k$kPGOKm""}",
856c09e0-461c-5543-8451-abcd412a34bf,637e2d02-4ca6-5415-9aaa-c692d522403b,1,2026-08-13T00:00:00Z,topic_created,,Open,structural-lead,1,"{""finding_count"":""1"",""title"":""structural::2fjJuPht9EIQaZQYZfC1Op""}",
0a8515cd-90f8-53f6-9948-74d3e338ee02,6581de0f-954b-5833-a6d0-83adc7b33fef,1,2026-08-13T00:00:00Z,topic_created,,Open,model-coordination,1,"{""finding_count"":""2"",""title"":""hvac::23uPJWDfXEcwHH3kdFgV9c""}",
c0f9eb26-48af-5955-8d71-504981903c90,74b969aa-9fa4-5f8b-92aa-2f21f4828c40,1,2026-08-13T00:00:00Z,topic_created,,Open,information-manager,1,"{""finding_count"":""1"",""title"":""structural::0DyViLJJ175RvWQi1rE7a6""}",
beb2b0fa-1bf1-59be-8206-9c14e5be6f5c,75f61270-1cb5-57eb-a10c-95bdbb25e9db,1,2026-08-13T00:00:00Z,topic_created,,Open,model-coordination,1,"{""finding_count"":""2"",""title"":""hvac::38WbwIGD90nB_3T2BTU5Ed""}",
1a8a998e-1875-5dfb-8cd0-d266e9b1f7ed,7728d48c-5e89-57a2-80b3-86bc058d8bc1,1,2026-08-13T00:00:00Z,topic_created,,Open,model-coordination,1,"{""finding_count"":""1"",""title"":""iso-reference-view.architecture""}",
6529d741-b285-5f9a-858a-d8977114f8c7,7819a8e3-8e80-5ca1-be0f-47d32692d426,1,2026-08-13T00:00:00Z,topic_created,,Open,structural-lead,1,"{""finding_count"":""1"",""title"":""structural::0rh7bRO0L9fg1NzgGKU$Ut""}",
87d052d9-183e-5548-b574-c7ac27d7aa5e,7c025224-ccac-5e80-9ff6-9d51bb648ff1,1,2026-08-13T00:00:00Z,topic_created,,Open,information-manager,1,"{""finding_count"":""1"",""title"":""architecture::1AQAupaRP1txwK1AGiN61V""}",
72ec1c9b-b571-5957-8d45-3b75997f6278,8d1a11ab-cc49-5894-a4bd-25dc75ea2e9f,1,2026-08-13T00:00:00Z,topic_created,,Open,information-manager,1,"{""finding_count"":""1"",""title"":""iso-reference-view.architecture::3ZYW59sxj8lei475l7EhLU""}",
497d1d1d-b10f-58dd-ab0f-48768c11ef96,94d9545c-5121-5719-ada7-b3d47bc6dfec,1,2026-08-13T00:00:00Z,topic_created,,Open,structural-lead,1,"{""finding_count"":""1"",""title"":""structural::0fqX614OH1YO1Njdxms2$Q""}",
3acc38b8-c538-5d18-ab32-9bcdae1897cb,9be92dd5-bf69-5501-a578-733c58b59410,1,2026-08-13T00:00:00Z,topic_created,,Open,model-coordination,1,"{""finding_count"":""1"",""title"":""iso-reference-view.plumbing""}",
35c78f9c-ba59-5e7f-bee5-d33aab4a48e4,b5ed390e-a770-503e-b4e3-39afc4a67195,1,2026-08-13T00:00:00Z,topic_created,,Open,information-manager,1,"{""finding_count"":""1"",""title"":""structural::2gTJhghMT81QThk15l2VwR""}",
ccabe024-bb2d-5c69-9f5d-e98a8b43e1b8,b6545603-519c-5b9c-b5ea-a75ab4046e6e,1,2026-08-13T00:00:00Z,topic_created,,Open,information-manager,1,"{""finding_count"":""1"",""title"":""structural::3oNJ9yHi5FJuFnK8yg68Yt""}",
3b65da16-b548-582f-a8f8-ac395b970a29,b66bef2e-1bb5-5d8f-84fe-871a92a75d91,1,2026-08-13T00:00:00Z,topic_created,,Open,information-manager,1,"{""finding_count"":""1"",""title"":""architecture::1uS5vfZPn9R8PlAaVd73on""}",
10744628-a0bc-5e44-9b62-da7fb757be87,c988606c-6360-5805-91c2-748c1b0bcbb9,1,2026-08-13T00:00:00Z,topic_created,,Open,information-manager,1,"{""finding_count"":""1"",""title"":""architecture::3wdauVJT5Fx9drrREiDqA$""}",
2c0b924f-d762-56b3-8c79-2c412a50b574,db3101a3-b029-5909-a37e-14b8c3d7ed03,1,2026-08-13T00:00:00Z,topic_created,,Open,structural-lead,1,"{""finding_count"":""1"",""title"":""structural::0Lvk$Qa81D5et3l3a4S9Vk""}",
4c055555-4212-55cd-8220-edf5153766a2,e6f2a425-1849-5be2-951c-dbb7e4a3e267,1,2026-08-13T00:00:00Z,topic_created,,Open,structural-lead,1,"{""finding_count"":""1"",""title"":""structural::2ddLgAnQf4mBfh5IpUp54U""}",
