issue_key,validation_run_id,project_id,model_key,element_key,grouping_policy,group_ref,lifecycle_state,assignee_role,priority,stage,due,labels,is_overdue
0dff3a8f-6542-53aa-8e46-1e90eb62ef61,epc-delivery-v2.2-2697235be003292d,pcert-sample,structural,structural::3SGBcf7Lv0r80vKtUCgOpf,element,structural::3SGBcf7Lv0r80vKtUCgOpf,Open,information-manager,,Handover,2026-12-01T00:00:00Z,Architecture;Structural,false
14e8ec00-e9fc-52dd-a96e-6db48219c3f9,epc-delivery-v2.2-2697235be003292d,pcert-sample,architecture,architecture::0OfZwWc8j9QP5uX8xPTxDH,element,architecture::0OfZwWc8j9QP5uX8xPTxDH,Open,information-manager,,Handover,2026-12-01T00:00:00Z,Architecture;Structural,false
1c398d33-892a-5ad7-9dc5-25ca3b4c9c28,epc-delivery-v2.2-2697235be003292d,iso-reference-view,iso-reference-view.structural,,element,iso-reference-view.structural,Open,model-coordination,,Coordination,2026-08-01T00:00:00Z,Architecture;Structural;HVAC;Plumbing,true
22854971-462b-5889-8532-d85a22d135f0,epc-delivery-v2.2-2697235be003292d,pcert-sample,structural,structural::3roxUKbVv98xiUcl22_T07,element,structural::3roxUKbVv98xiUcl22_T07,Open,structural-lead,,Design,2026-07-01T00:00:00Z,Structural,true
3b444cc5-f58f-5cd0-8a5e-b6df23fc242e,epc-delivery-v2.2-2697235be003292d,pcert-sample,hvac,hvac::34Y6EIt3nDCAS1k$kPGOKm,element,hvac::34Y6EIt3nDCAS1k$kPGOKm,Open,model-coordination,Medium,Coordination,2026-08-01T00:00:00Z,HVAC;IDS;ProjectAssumption,true
637e2d02-4ca6-5415-9aaa-c692d522403b,epc-delivery-v2.2-2697235be003292d,pcert-sample,structural,structural::2fjJuPht9EIQaZQYZfC1Op,element,structural::2fjJuPht9EIQaZQYZfC1Op,Open,structural-lead,,Design,2026-07-01T00:00:00Z,Structural,true
6581de0f-954b-5833-a6d0-83adc7b33fef,epc-delivery-v2.2-2697235be003292d,pcert-sample,hvac,hvac::23uPJWDfXEcwHH3kdFgV9c,element,hvac::23uPJWDfXEcwHH3kdFgV9c,Open,model-coordination,Medium,Coordination,2026-08-01T00:00:00Z,HVAC;IDS;ProjectAssumption,true
74b969aa-9fa4-5f8b-92aa-2f21f4828c40,epc-delivery-v2.2-2697235be003292d,pcert-sample,structural,structural::0DyViLJJ175RvWQi1rE7a6,element,structural::0DyViLJJ175RvWQi1rE7a6,Open,information-manager,,Handover,2026-12-01T00:00:00Z,Architecture;Structural,false
75f61270-1cb5-57eb-a10c-95bdbb25e9db,epc-delivery-v2.2-2697235be003292d,pcert-sample,hvac,hvac::38WbwIGD90nB_3T2BTU5Ed,element,hvac::38WbwIGD90nB_3T2BTU5Ed,Open,model-coordination,Medium,Coordination,2026-08-01T00:00:00Z,HVAC;IDS;ProjectAssumption,true
7728d48c-5e89-57a2-80b3-86bc058d8bc1,epc-delivery-v2.2-2697235be003292d,iso-reference-view,iso-reference-view.architecture,,element,iso-reference-view.architecture,Open,model-coordination,,Coordination,2026-08-01T00:00:00Z,Architecture;Structural;HVAC;Plumbing,true
7819a8e3-8e80-5ca1-be0f-47d32692d426,epc-delivery-v2.2-2697235be003292d,pcert-sample,structural,structural::0rh7bRO0L9fg1NzgGKU$Ut,element,structural::0rh7bRO0L9fg1NzgGKU$Ut,Open,structural-lead,,Design,2026-07-01T00:00:00Z,Structural,true
7c025224-ccac-5e80-9ff6-9d51bb648ff1,epc-delivery-v2.2-2697235be003292d,pcert-sample,architecture,architecture::1AQAupaRP1txwK1AGiN61V,element,architecture::1AQAupaRP1txwK1AGiN61V,Open,information-manager,,Handover,2026-12-01T00:00:00Z,Architecture;Structural,false
8d1a11ab-cc49-5894-a4bd-25dc75ea2e9f,epc-delivery-v2.2-2697235be003292d,iso-reference-view,iso-reference-view.architecture,iso-reference-view.architecture::3ZYW59sxj8lei475l7EhLU,element,iso-reference-view.architecture::3ZYW59sxj8lei475l7EhLU,Open,information-manager,,Handover,2026-12-01T00:00:00Z,Architecture;Structural,false
94d9545c-5121-5719-ada7-b3d47bc6dfec,epc-delivery-v2.2-2697235be003292d,pcert-sample,structural,structural::0fqX614OH1YO1Njdxms2$Q,element,structural::0fqX614OH1YO1Njdxms2$Q,Open,structural-lead,,Design,2026-07-01T00:00:00Z,Structural,true
9be92dd5-bf69-5501-a578-733c58b59410,epc-delivery-v2.2-2697235be003292d,iso-reference-view,iso-reference-view.plumbing,,element,iso-reference-view.plumbing,Open,model-coordination,,Coordination,2026-08-01T00:00:00Z,Architecture;Structural;HVAC;Plumbing,true
b5ed390e-a770-503e-b4e3-39afc4a67195,epc-delivery-v2.2-2697235be003292d,pcert-sample,structural,structural::2gTJhghMT81QThk15l2VwR,element,structural::2gTJhghMT81QThk15l2VwR,Open,information-manager,,Handover,2026-12-01T00:00:00Z,Architecture;Structural,false
b6545603-519c-5b9c-b5ea-a75ab4046e6e,epc-delivery-v2.2-2697235be003292d,pcert-sample,structural,structural::3oNJ9yHi5FJuFnK8yg68Yt,element,structural::3oNJ9yHi5FJuFnK8yg68Yt,Open,information-manager,,Handover,2026-12-01T00:00:00Z,Architecture;Structural,false
b66bef2e-1bb5-5d8f-84fe-871a92a75d91,epc-delivery-v2.2-2697235be003292d,pcert-sample,architecture,architecture::1uS5vfZPn9R8PlAaVd73on,element,architecture::1uS5vfZPn9R8PlAaVd73on,Open,information-manager,,Handover,2026-12-01T00:00:00Z,Architecture;Structural,false
c988606c-6360-5805-91c2-748c1b0bcbb9,epc-delivery-v2.2-2697235be003292d,pcert-sample,architecture,architecture::3wdauVJT5Fx9drrREiDqA$,element,architecture::3wdauVJT5Fx9drrREiDqA$,Open,information-manager,,Handover,2026-12-01T00:00:00Z,Architecture;Structural,false
db3101a3-b029-5909-a37e-14b8c3d7ed03,epc-delivery-v2.2-2697235be003292d,pcert-sample,structural,structural::0Lvk$Qa81D5et3l3a4S9Vk,element,structural::0Lvk$Qa81D5et3l3a4S9Vk,Open,structural-lead,,Design,2026-07-01T00:00:00Z,Structural,true
e6f2a425-1849-5be2-951c-dbb7e4a3e267,epc-delivery-v2.2-2697235be003292d,pcert-sample,structural,structural::2ddLgAnQf4mBfh5IpUp54U,element,structural::2ddLgAnQf4mBfh5IpUp54U,Open,structural-lead,,Design,2026-07-01T00:00:00Z,Structural,true
