requirement_key,rule_id,requirement_id,specification_label,requirement_label,checker,facet_kinds,severity,owner_role,stage,discipline_scope,citation,priority,labels,semantics_digest
63e9c0f9-4cb5-5b50-9f4b-456fc6f25c41,R-001,Name,R-001: Walls must have a name,Name,ids,attribute,ERROR,architecture-lead,Design,Architecture,ISO 19650-1:2018 §5.1 — information requirements must be identifiable.,,,1b03b6ab3007d060c278a7177166f917e09ac821c1bc7598f7707d3affefd104
5dd2e8a6-985f-5a56-9462-77a2765b7ef4,R-002,Pset_WallCommon.IsExternal,R-002: Walls must declare IsExternal,Pset_WallCommon.IsExternal,ids,property,ERROR,architecture-lead,Design,Architecture,IFC4 Pset_WallCommon.,,,62cc7101f1fc2e9a2dff2b9d50ef7aa5f6bf2b5f63bdb4cc0f3789c86e625022
0041a575-0031-56c2-a9a3-642dc399b84e,R-003,Pset_BeamCommon.LoadBearing,R-003: Beams must declare LoadBearing,Pset_BeamCommon.LoadBearing,ids,property,ERROR,structural-lead,Design,Structural,IFC4 Pset_BeamCommon.,,,3eb3a38321d73862d64576819620e85d8cb69d89f6d745268f3d6c8b884575c8
491a4a0b-9b4a-5f77-b90d-31a7dc8beb44,R-004A,IFCRELCONTAINEDINSPATIALSTRUCTURE,R-004A: Duct segments need spatial assignment,IFCRELCONTAINEDINSPATIALSTRUCTURE,ids,partof,ERROR,mep-lead,Coordination,HVAC,ISO 19650-1:2018 §5.4 — deliverables must be spatially locatable.,,,f9bf0b6a8741406cefca07f0346cf6341da616f86bf85e1bba6e33b69360ebd7
2ead0930-568e-5d49-9708-716c5c740846,R-004B,IFCRELCONTAINEDINSPATIALSTRUCTURE,R-004B: Air terminals need spatial assignment,IFCRELCONTAINEDINSPATIALSTRUCTURE,ids,partof,ERROR,mep-lead,Coordination,HVAC,ISO 19650-1:2018 §5.4 — deliverables must be spatially locatable.,,,47120dcedec2504d285e58b6b81c6e00af9776ed4f7a1cec5decd6278a0493ac
842a37c7-3183-5fce-ab45-b93c37ec7a08,R-005A,EPC_Delivery.AssetTag,R-005A: Duct segments need assumed EPC metadata,EPC_Delivery.AssetTag,ids,property,WARNING,model-coordination,Coordination,HVAC,Project-assumed EPC delivery requirement; not a buildingSMART obligation.,Medium,IDS;ProjectAssumption,e53e354992c35aa0036cd7e394d99065f946e742a33ffce0be501b1a94e8dc29
9321298b-4a9f-5a3e-9d10-6668b736d465,R-005A,EPC_Delivery.SystemCode,R-005A: Duct segments need assumed EPC metadata,EPC_Delivery.SystemCode,ids,property,WARNING,model-coordination,Coordination,HVAC,Project-assumed EPC delivery requirement; not a buildingSMART obligation.,Medium,IDS;ProjectAssumption,f29a5a829012b50c9b5dcce15e774bd303e351f72da92b5d1b85b8b2fd4a52ad
a1402559-dcfc-5af4-a222-3a13eaf2b161,R-005B,EPC_Delivery.AssetTag,R-005B: Air terminals need assumed EPC metadata,EPC_Delivery.AssetTag,ids,property,WARNING,model-coordination,Coordination,HVAC,Project-assumed EPC delivery requirement; not a buildingSMART obligation.,Medium,IDS;ProjectAssumption,3edefe23b4739ca53caa4e113891b248b2f4da532afc4f9fad6b76098038bbb2
fd49c300-7ef6-5a8d-825f-53210dd579fe,R-005B,EPC_Delivery.SystemCode,R-005B: Air terminals need assumed EPC metadata,EPC_Delivery.SystemCode,ids,property,WARNING,model-coordination,Coordination,HVAC,Project-assumed EPC delivery requirement; not a buildingSMART obligation.,Medium,IDS;ProjectAssumption,b9fa55a590f4cb1eeb859c4492afa0cd9b7496f8b646be1c5673310d03b019f6
3d87ff1f-cc75-5e96-b83a-95709a015713,R-006,Name / Category,R-006: Walls must declare their material,Name / Category,ids,material,ERROR,architecture-lead,Design,Architecture;Structural,ISO 19650-1:2018 §5.1 — information requirements must be identifiable.,,,4110131216c3ecdbfe574708d17cebed6eb94ce426723635859b7cad2838b071
f6b0edb7-ca35-596a-b72e-42f21ed1419a,R-007,IFC Class / Predefined Type,R-007: Columns must declare a meaningful predefined type,IFC Class / Predefined Type,ids,entity,ERROR,structural-lead,Design,Structural,ISO 19650-1:2018 §5.1 — information requirements must be identifiable.,,,05e57b659098c1e1a5e906040f2ace54c4b5c32c64abef5f974b88888fdb0fbe
fd3742bc-adf3-55ea-a220-d7b7c82df6d6,R-008,IFC Class / Predefined Type,R-008: Beams must declare a meaningful predefined type,IFC Class / Predefined Type,ids,entity,ERROR,structural-lead,Design,Structural,ISO 19650-1:2018 §5.1 — information requirements must be identifiable.,,,8a2ab660214e789b3dc63733cae2ca72a1fa85e15bbd3a6d064637e7360e227e
4b7491ef-98a2-5976-aa1d-2b8b765688eb,R-009,System / Reference,R-009: Walls must carry an element-level classification reference,System / Reference,ids,classification,WARNING,information-manager,Handover,Architecture;Structural,Project-assumed EPC delivery requirement; not a buildingSMART obligation.,,,9a2b8a6ce114a6b66197b5beb985873fd7d4d73dfcf63b1973f621101d491c95
acb11f11-bf18-5516-a6f2-21e451a6e410,R-010,shared-across-models,R-010: Every model must share a coordination reference with its siblings,Carry the project's agreed setout references in every discipline model.,completeness,shared-across-models,ERROR,model-coordination,Coordination,Architecture;Structural;HVAC;Plumbing,ISO 19650-1:2018 §5.3 — a federated information model requires a common coordinate reference.,,,b30db25f2b3d2a0558a0f2483224cdac318f39c0d2cca64ac9b9aeb22053cbf2
